{"name":"Cinema Discovery - Movie Browser","short_name":"Cinema","description":"Discover amazing movies with our comprehensive movie database","start_url":"/","display":"standalone","background_color":"#ffffff","theme_color":"#3b82f6","orientation":"portrait-primary","scope":"/","lang":"en","dir":"ltr","icons":[{"src":"/icons/icon.svg","sizes":"any","type":"image/svg+xml","purpose":"any maskable"}],"categories":["entertainment","lifestyle"],"shortcuts":[{"name":"Browse Movies","short_name":"Browse","description":"Browse all movies","url":"/","icons":[{"src":"/icons/icon.svg","sizes":"any","type":"image/svg+xml"}]}],"prefer_related_applications":false}